Time,Force_Node1_LTD,Force_Node2_LTD,Force_Node3_LTD,Force_Node4_LTD,Force_Node5_LTD,Force_Node6_LTD,Force_Node7_LTD,Force_Node8_LTD,Force_Node9_LTD,Force_Node10_LTD,Force_Node11_LTD,Force_Node12_LTD,Force_Node13_LTD,Force_Node14_LTD,Force_Node15_LTD
0,435.17,401.83,355.7,319.75,299.86,280.26,259.02,239.89,201,165.02,154.92,92.02,91.02,91.1,91.46
0.1,433.13,400.05,355.55,320.11,301.55,278.5,259.04,240.38,200.13,164.78,156.24,91.21,90.82,91.59,91.45
0.2,431.63,399.41,355.07,319.78,302.39,276.75,259.18,239.72,201.45,164.67,156.24,91.55,91.86,91.6,91.45
0.3,432.27,398.93,355.13,320.09,299.86,276.95,258.77,240.13,201.14,164.59,156.24,91.9,91.86,91.2,91.45
0.4,431.02,398.82,354.77,320.12,301.35,277.33,259.02,239.93,200.26,165.08,156.24,92.08,91.86,91.57,91.45
0.5,429.91,398.6,355.08,319.71,301.95,279.58,258.95,240.05,201.27,164.66,154.59,91.68,91.86,91.31,91.45
0.6,429.94,398.71,355.06,319.35,299.79,279.15,258.79,239.47,200.53,164.77,157.06,92.15,91.91,91.65,91.29
0.7,429.74,398.19,354.83,319.75,301.1,279.53,258.95,239.76,199.93,164.54,155.46,92.06,91.56,91.24,91.8
0.8,430.24,398.3,354.36,319.76,299.86,279.55,258.93,239.88,200.87,164.96,154.08,91.94,92.13,91.6,92.04
0.9,428.54,397.74,355.08,319.79,299.86,278.55,258.68,240.16,200.83,164.65,155.38,91.99,91.88,91.85,91.19
1,428.83,397.84,354.7,319.98,301.45,277.21,259.03,239.72,200.27,164.55,155.67,91.78,91.85,91.11,91.6
1.1,427.8,397.82,354.1,319.48,300.14,277.52,258.7,239.67,200.78,164.6,155,91.88,92.43,90.88,91.73
1.2,428.34,397.66,355.1,319.5,299.57,277.65,258.8,239.62,200.5,164.4,154.26,91.79,92,90.97,91.63
1.3,427.65,397.62,355.36,319.16,301.41,276.98,258.55,239.85,200.44,164.65,154.29,91.89,91.75,91.11,91.34
1.4,427.72,397.45,354.46,319.41,300.13,278.32,258.93,239.93,200.49,164.62,155.41,92.03,91.76,91.22,91.96
1.5,427.23,397.3,354.97,319.67,299.93,279.11,258.68,239.86,200.45,164.41,154.62,91.81,92.26,91.57,90.87
1.6,427.69,397.11,354.72,319.52,300.95,278.54,258.7,239.38,200.35,164.49,154.16,91.89,92.04,90.69,90.87
1.7,427.23,397.03,354.17,318.98,300.5,278.61,258.73,239.84,200.4,164.71,155.2,92.14,91.73,91.19,91.15
1.8,426.35,397.18,354.69,319.39,301.08,278.81,258.81,239.89,200.23,164.61,154.71,91.6,92.2,91.57,91.31
1.9,426.61,397.04,354.24,320.08,301.21,277.94,258.65,239.71,200.29,164.48,154.46,92,91.68,91.9,91.02
2,427.26,396.91,353.85,319.18,300.23,277.68,258.6,239.72,200.46,164.62,154.49,91.68,92.55,91.11,90.27
2.1,426.47,396.6,354.05,319.05,301,277.8,258.54,239.61,200.55,164.4,154.61,91.77,92.32,91.69,90.65
2.2,426.17,396.68,354.27,319.39,301.15,278.54,258.61,239.61,200.24,164.51,153.78,92,92.23,91.07,90.72
2.3,426.06,396.07,353.81,319.1,300.34,278.04,258.62,239.58,200.22,164.5,154.37,92.02,92.2,91.07,90.6
2.4,426.17,397.02,354.15,318.68,301.05,278.67,258.62,239.56,200.43,164.59,155.15,91.75,91.77,91.03,91.58
2.5,426.14,396.24,353.86,319.55,301.12,278.56,258.65,239.56,200.15,164.5,154.82,91.94,92.4,91.22,91.62
2.6,426.32,396.39,353.67,319.22,300.09,278.77,258.8,239.58,200.14,164.35,154.46,91.95,92.03,91.45,91.77
2.7,425.48,396.46,353.76,319.38,300.73,277.98,258.63,239.64,200.38,164.48,154.97,92.09,91.73,91.13,91.56
2.8,425.9,396.54,353.67,318.46,300.89,277.8,258.83,239.87,200.38,164.24,154.38,92.18,91.73,91.14,90.72
2.9,426.03,395.93,354.21,319.12,299.98,278.14,258.64,239.71,200.3,164.5,154.21,91.81,92.25,91.63,91.53
3,425.88,396.27,353.49,319.49,301.09,277.73,258.67,239.6,200.12,164.51,153.43,92.36,91.93,91.08,91.37
3.1,425.64,396.28,353.48,318.8,299.97,278.56,258.64,239.59,200.37,164.52,154.06,91.95,91.81,91.47,90.87
3.2,425.55,396.28,353.38,319.04,300.07,278.03,258.59,239.61,200.35,164.64,154.8,91.51,91.94,91.15,91.41
3.3,425.06,396.21,353.39,319.24,300.39,278.42,258.61,239.73,200.25,164.44,154.59,92.33,92.04,90.82,90.62
3.4,425.75,395.85,353.66,319.09,300.12,278.54,258.42,239.48,200.33,164.52,154.55,91.59,92.15,91.46,91.23
3.5,425.45,396.07,353.82,319.01,300.39,278.41,258.33,239.71,200.11,164.07,154.39,91.92,91.83,90.73,91.91
3.6,425.14,395.97,353.9,318.95,300.68,277.77,258.57,239.64,200.16,164.53,154.19,91.94,92.44,90.81,91.13
3.7,424.62,396.28,353.48,319.12,300.11,278.1,258.4,239.75,200.4,164.52,154.36,91.79,91.84,91.47,91.27
3.8,425.6,395.62,354.31,318.95,300.49,278.04,258.64,239.67,200.42,164.46,154.29,91.33,92.02,91.09,90.91
3.9,425.19,395.56,353.51,318.71,300.52,278.36,258.72,239.57,200.42,164.58,154.81,91.78,92.29,91.41,91.08
4,424.5,395.51,353.72,319.16,300.18,278.14,258.7,239.46,200.45,164.29,154.98,91.52,91.98,91.55,91.16
4.1,425.13,396.46,354.16,318.95,299.95,278.35,258.46,239.56,200.38,164.71,155.21,91.64,91.82,90.9,91.75
4.2,425.22,396.23,353.72,319.1,300.72,278.09,258.44,239.45,200.09,164.6,154.35,92,91.95,91.45,91.48
4.3,424.61,395.29,353.63,319,300.24,278.15,258.51,239.58,200.24,164.16,154.88,91.63,92.22,90.86,91.74
4.4,424.71,395.6,353.63,319.02,300.34,277.79,258.47,239.47,200.17,164.4,154.37,91.81,91.87,90.78,90.89
4.5,424.21,395.51,353.53,318.73,300.39,277.91,258.3,239.48,200.44,164.22,154.01,91.82,91.69,90.88,91.74
4.6,424.21,395.79,353.81,318.94,300.39,277.77,258.23,239.57,200.35,164.48,154.48,91.19,92.79,91.26,90.7
4.7,424.53,395.51,353.5,319.11,300.32,278.03,258.85,239.46,200.39,164.68,154.46,91.52,92.04,90.84,91.4
4.8,424.57,395.32,353.35,318.98,300.68,277.78,258.71,239.42,200.18,164.2,154.85,91.89,91.47,91.21,91.33
4.9,424.77,395.07,353.19,318.79,300.19,278.31,258.76,239.49,200.09,164.44,154.63,91.87,91.52,,
5,423.87,394.97,353.38,318.87,300.24,278.07,258.6,239.59,200.26,164.4,154.86,92.09,92.21,,
5.1,423.86,395.88,353.71,318.75,300.48,278.25,258.45,239.63,200.26,164.25,154.63,92.3,91.27,,
5.2,423.14,395.55,353.76,319.13,300.27,278.15,258.71,239.58,200.06,164.51,153.93,91.45,91.2,,
5.3,423.54,395.29,353.5,318.93,300.86,278.21,258.7,,,,,91.88,92.02,,
5.4,423.5,395.31,353.67,318.93,300.56,277.78,258.6,,,,,91.97,91.22,,
5.5,423.21,395.04,353.45,319.21,300.49,277.83,258.54,,,,,91.64,92.3,,
5.6,424.25,395.87,353.22,318.59,300.34,277.77,258.56,,,,,91.46,91.93,,
5.7,423.39,395.43,353.6,318.68,300.53,277.93,,,,,,91.69,,,
5.8,424.1,395.41,353.95,318.85,300.45,278.19,,,,,,91.71,,,
5.9,424.18,395.14,352.94,318.79,300.11,277.95,,,,,,92.02,,,
6,423.21,395.06,353.23,318.88,300.08,277.88,,,,,,91.77,,,
6.1,423.96,395.06,352.98,319.07,300.23,,,,,,,,,,
6.2,423.27,395.15,353.01,318.87,300.42,,,,,,,,,,
6.3,423.43,395.21,353.23,318.54,300.46,,,,,,,,,,
6.4,423.46,395.36,353.3,318.85,300.39,,,,,,,,,,
6.5,423.43,395.26,353.66,,,,,,,,,,,,
6.6,423.52,395.08,352.97,,,,,,,,,,,,
6.7,422.92,395.16,352.93,,,,,,,,,,,,
6.8,423.02,395.37,353.12,,,,,,,,,,,,
6.9,422.83,395.51,352.83,,,,,,,,,,,,
